id,username,url
1,Xinil,https://myanimelist.net/profile/Xinil
3,Aokaado,https://myanimelist.net/profile/Aokaado
4,Crystal,https://myanimelist.net/profile/Crystal
9,Arcane,https://myanimelist.net/profile/Arcane
18,Mad,https://myanimelist.net/profile/Mad
20,vondur,https://myanimelist.net/profile/vondur
23,Amuro,https://myanimelist.net/profile/Amuro
36,Baman,https://myanimelist.net/profile/Baman
37,megan,https://myanimelist.net/profile/megan
44,beddan,https://myanimelist.net/profile/beddan
47,kei-clone,https://myanimelist.net/profile/kei-clone
48,seif,https://myanimelist.net/profile/seif
53,Ladholyman,https://myanimelist.net/profile/Ladholyman
66,Hiromi,https://myanimelist.net/profile/Hiromi
67,ShadowOz,https://myanimelist.net/profile/ShadowOz
70,Cruzle,https://myanimelist.net/profile/Cruzle
71,Smoka,https://myanimelist.net/profile/Smoka
72,james2k,https://myanimelist.net/profile/james2k
77,Emp,https://myanimelist.net/profile/Emp
80,koalatees,https://myanimelist.net/profile/koalatees
81,Ramp,https://myanimelist.net/profile/Ramp
82,Achtor,https://myanimelist.net/profile/Achtor
83,jaames,https://myanimelist.net/profile/jaames
88,wicked2k,https://myanimelist.net/profile/wicked2k
90,xich,https://myanimelist.net/profile/xich
91,marvin_9martian,https://myanimelist.net/profile/marvin_9martian
95,sorairo,https://myanimelist.net/profile/sorairo
